{
  "n": 132,
  "targets": [
    1.0,
    1.5,
    2.0,
    2.5,
    3.0
  ],
  "pooled": {
    "1.0": -0.0814427637494734,
    "1.5": -0.06654999548080659,
    "2.0": -0.05018135477488789,
    "2.5": -0.12682574934971913,
    "3.0": -0.15781451722042436
  }
}